<?xml version="1.0" encoding="UTF-8"?>
<project-private xmlns="http://www.netbeans.org/ns/project-private/1">
    <editor-bookmarks xmlns="http://www.netbeans.org/ns/editor-bookmarks/2" lastBookmarkId="0"/>
    <open-files xmlns="http://www.netbeans.org/ns/projectui-open-files/2">
        <group>
            <file>file:/F:/Projects/dombrowski-JCE1/src/dombrowski/jce1/students/Student.java</file>
            <file>file:/F:/Projects/dombrowski-JCE1/src/dombrowski/jce1/external/ExternalDriver.java</file>
            <file>file:/F:/Projects/dombrowski-JCE1/src/dombrowski/jce1/students/StudentDriver.java</file>
        </group>
    </open-files>
</project-private>
